,Previous CTC,Previous job change,Graduation Marks,EXP (Month),CTC,Tier,City Category,Role_Manager
0,55523.0,3,66,19,71406.58,2,0,1
1,57081.0,1,84,18,68005.87,2,0,0
2,60347.0,2,52,28,76764.02,1,0,0
3,49010.0,2,81,33,82092.39,1,0,0
4,57879.0,4,74,32,73878.1,3,0,0
5,54340.0,4,73,31,59950.89,2,0,0
6,60298.0,1,42,46,66602.34,1,0,0
7,49944.0,2,56,37,57768.44,2,0,0
8,53124.0,4,40,37,70083.3,1,0,0
9,51141.0,1,47,60,85648.48,3,0,0
10,49497.0,1,50,25,74914.15,3,0,0
11,50197.0,2,66,62,85219.39,2,0,1
12,63234.0,4,73,23,82910.94,1,0,0
13,60059.0,2,71,56,74350.08,3,0,0
14,66487.0,1,50,27,103595.83,1,0,1
15,49292.0,4,49,19,70729.63,1,0,0
16,55400.0,4,48,52,70051.94,2,0,0
17,53089.0,2,72,23,69403.49,3,0,0
18,69345.0,3,79,56,84710.53,2,0,0
19,63508.0,1,48,30,95879.94,2,0,1
20,60057.0,1,61,60,73487.13,1,0,0
21,52402.0,3,35,30,61597.98,3,0,0
22,60180.0,2,68,18,63119.8,1,0,0
23,53422.0,4,44,34,98586.83,2,0,1
24,49857.0,3,37,37,71502.56,3,0,0
25,48682.0,3,82,59,64320.67,3,0,0
26,48516.0,2,37,63,77310.22,2,0,0
27,54363.0,3,44,55,74825.2,3,0,0
28,39636.0,3,43,23,59230.44,2,0,0
29,65172.0,1,44,31,107138.14,2,0,1
30,58529.0,1,65,22,102763.61,3,0,1
31,50011.0,2,72,18,69764.49,2,0,0
32,50020.0,4,75,19,59889.14,3,0,0
33,55764.0,2,64,63,82356.41,1,0,0
34,60894.0,4,80,28,118651.89,3,0,1
35,42259.0,4,37,19,66762.27,2,0,0
36,59978.0,2,75,62,79454.74,1,0,0
37,47129.0,1,41,26,66079.85,3,0,0
38,57485.0,1,77,35,103774.34,2,0,1
39,62593.0,3,71,60,112716.44,2,0,1
40,48913.0,3,41,24,62819.16,2,0,0
41,66101.0,4,81,31,55470.55,1,0,0
42,49622.0,2,73,41,69510.05,3,0,0
43,59386.0,4,46,37,68064.76,3,0,0
44,66050.0,1,35,38,69116.93,1,0,0
45,59492.0,1,69,55,86354.84,1,0,0
46,61134.0,3,72,18,60456.69,1,0,0
47,61956.0,4,54,28,71791.28,1,0,0
48,46086.0,4,50,60,67626.89,2,0,0
49,61481.0,3,79,36,99794.4,1,0,1
50,55727.0,3,79,18,70350.79,2,0,0
51,61576.0,2,73,21,58818.77,3,0,0
52,57563.0,1,64,48,86487.58,2,0,1
53,58288.0,3,84,36,92378.5,1,0,1
54,55282.0,3,60,40,73281.55,3,0,0
55,66624.0,1,63,58,110438.17,3,0,1
56,59443.0,3,52,58,67485.1,3,0,0
57,51937.0,3,64,18,92518.37,3,0,1
58,46477.0,3,37,53,72977.63,1,0,1
59,62470.0,3,60,34,64770.75,2,0,0
60,51123.0,2,52,43,74845.87,2,0,0
61,56301.0,3,58,25,59913.31,3,0,0
62,46670.0,1,69,64,95961.18,3,0,0
63,54375.0,2,82,28,60766.38,1,0,0
64,45227.0,4,40,20,69193.96,3,0,1
65,50787.0,4,81,19,66433.4,3,0,0
66,62919.0,3,42,61,73410.95,1,0,0
67,51770.0,3,45,40,68447.63,3,0,0
68,60123.0,1,47,40,60185.4,1,0,0
69,51002.0,4,41,28,76765.02,1,0,1
70,46940.0,1,69,27,70157.03,1,0,1
71,49905.0,4,66,31,75297.34,3,0,0
72,51505.0,2,55,53,76960.48,3,0,0
73,52474.0,3,79,58,76204.89,1,0,0
74,49172.0,2,57,44,63782.2,1,0,0
75,56916.0,3,42,57,69415.11,2,0,0
76,59386.0,1,38,29,64472.36,2,0,0
77,55748.0,3,84,21,60815.42,1,0,0
78,65574.0,2,83,22,55902.83,2,0,0
79,58541.0,4,79,41,64468.29,2,0,0
80,50672.0,4,79,31,76093.36,1,0,0
81,68071.0,1,70,45,81430.49,1,0,0
82,58815.0,4,71,22,106165.08,3,0,1
83,62493.0,3,74,48,67374.71,1,0,0
84,60182.0,4,59,37,103574.45,2,0,1
85,42941.0,1,49,45,74191.43,3,0,1
86,55505.0,2,40,57,100887.85,1,0,1
87,54114.0,3,82,56,78715.16,3,0,0
88,57670.0,1,41,46,70686.71,2,0,0
89,54361.0,2,68,55,73231.75,3,0,0
90,67083.0,4,39,21,66296.73,1,0,0
91,52483.0,2,65,53,71738.23,1,0,0
92,55581.0,4,49,59,99551.34,1,0,1
93,62243.0,1,41,35,75903.42,1,0,0
94,59293.0,1,81,64,105308.78,1,0,1
95,59707.0,3,70,28,56003.61,3,0,0
96,57726.0,4,84,54,68673.29,2,0,0
97,58401.0,4,45,55,76028.5,3,0,0
98,41228.0,2,64,56,87418.05,3,0,1
99,40945.0,1,46,38,74984.02,3,0,1
100,54794.0,4,47,41,66591.29,3,0,0
101,51692.0,2,57,30,72088.04,2,0,0
102,52305.0,1,35,18,78521.17,2,0,0
103,56680.0,4,63,61,85688.72,2,0,1
104,52300.0,4,52,34,66657.86,3,0,0
105,56710.0,2,47,20,67879.02,3,0,1
106,51351.0,1,69,19,60069.68,3,0,0
107,51022.0,2,55,26,67820.31,2,0,0
108,52096.0,3,37,29,65685.02,2,0,0
109,59099.0,2,67,63,103305.3,3,0,1
110,57677.0,4,77,54,76671.69,1,0,0
111,59343.0,3,85,55,76577.99,2,0,0
112,54767.0,1,35,37,66693.98,2,0,0
113,60869.0,1,77,21,60125.97,2,0,0
114,53949.0,4,81,52,80042.11,1,0,0
115,48707.0,4,77,60,97106.11,2,0,0
116,77911.0,1,50,58,87831.62,1,0,0
117,54183.0,1,40,29,70630.95,1,0,1
118,51099.0,3,71,49,67516.63,1,0,0
119,51591.0,1,79,37,67573.29,2,0,0
120,61057.0,1,41,44,80714.79,2,0,0
121,48280.0,4,79,18,75430.51,3,0,0
122,57606.0,4,78,20,54071.79,1,0,0
123,55440.0,4,72,44,112826.26,3,0,1
124,54055.0,1,63,47,60944.33,3,0,0
125,49862.0,3,82,26,65065.52,3,0,0
126,56204.0,2,65,19,82667.77,2,0,1
127,65161.0,2,41,52,82517.59,2,0,0
128,42143.0,3,38,32,88208.37,3,0,1
129,57924.0,4,62,38,68023.41,2,0,0
130,48755.0,2,69,59,73464.75,1,0,0
131,50926.0,3,83,61,77222.0,2,0,0
132,65158.0,3,67,53,67163.57,2,0,0
133,46073.0,4,73,19,59241.32,1,0,0
134,53110.0,4,43,20,72322.79,1,0,0
135,50180.0,1,41,22,55226.53,2,0,0
136,61124.0,3,64,19,73417.07,3,0,0
137,54583.0,3,82,22,63534.87,1,0,0
138,52400.0,3,72,54,90774.04,3,0,0
139,64264.0,1,51,22,77666.95,3,0,0
140,44197.0,3,52,34,95868.3,3,0,0
141,56273.0,1,75,26,74544.57,2,0,0
142,47481.0,4,42,34,77150.63,3,0,1
143,58053.0,1,53,29,86298.82,3,0,0
144,58071.0,4,76,30,74697.64,3,0,1
145,66845.0,1,60,29,58695.65,1,0,0
146,60396.0,3,72,46,96190.72,1,0,1
147,67056.0,3,55,51,63582.13,1,0,0
148,63823.0,4,39,53,61586.14,1,0,0
149,49475.0,3,71,19,75037.68,2,0,0
150,50330.0,3,80,35,61282.09,2,0,0
151,57858.0,4,43,48,71522.23,1,0,0
152,61627.0,3,58,32,74596.33,1,0,0
153,49733.0,1,76,42,77168.22,1,0,1
154,55308.0,2,36,40,75028.75,1,0,0
155,66048.0,4,80,44,76619.74,2,0,0
156,49405.0,1,63,48,75910.11,2,0,1
157,49810.0,1,47,18,73056.77,3,0,1
158,56330.0,4,46,30,94478.7,1,0,1
159,56485.0,2,36,50,69960.25,3,0,0
160,47053.0,2,46,42,67407.05,2,0,1
161,64179.0,4,74,18,97119.39,3,0,1
162,60385.0,4,78,54,83984.48,2,0,0
163,50963.0,2,45,32,76385.23,1,0,0
164,50024.0,1,77,37,66216.7,1,0,0
165,50334.0,2,36,47,82526.93,3,0,0
166,61054.0,3,68,20,74459.25,3,0,0
167,58629.0,3,39,32,62936.7,2,0,0
168,52519.0,2,45,19,59425.89,1,0,0
169,46993.0,3,50,27,69437.63,2,0,0
170,67559.0,4,45,63,72083.49,3,0,0
171,55944.0,2,53,49,69163.36,2,0,0
172,38709.0,3,56,18,72747.12,1,0,0
173,61130.0,3,58,35,66726.94,2,0,0
174,54941.0,2,50,24,57067.63,2,0,0
175,58639.0,2,46,63,109108.12,2,0,1
176,52098.0,2,84,38,73831.46,1,0,0
177,53618.0,2,52,54,79031.2,3,0,0
178,57261.0,4,62,46,77631.46,3,0,0
179,53158.0,4,66,41,78524.15,1,0,0
180,53511.0,1,84,58,70856.24,3,0,0
181,58408.0,2,56,18,61042.81,1,0,0
182,46722.0,2,49,22,66407.61,1,0,0
183,49331.0,1,78,44,71632.13,2,0,0
184,53717.0,2,41,44,78002.78,3,0,0
185,70258.0,4,38,36,115126.75,2,0,1
186,53186.0,3,62,26,58559.16,1,0,0
187,59273.0,1,80,30,62275.25,1,0,0
188,59466.0,3,45,41,73749.44,3,0,0
189,55639.0,1,40,29,55927.32,1,0,0
190,61138.0,3,68,61,67174.81,2,0,0
191,47831.0,4,74,36,70249.63,2,0,0
192,51919.0,4,82,25,69896.22,1,0,0
193,49310.0,1,47,56,68123.8,3,0,0
194,61973.0,1,51,18,56131.76,3,0,0
195,52475.0,3,39,19,63426.48,1,0,0
196,62262.0,3,43,39,68762.6,2,0,0
197,49159.0,3,57,45,65693.05,1,0,0
198,44451.0,1,65,51,59721.74,3,0,0
199,64873.0,3,48,64,85224.19,3,0,0
200,55261.0,1,36,19,53356.72,3,0,0
201,53405.0,1,46,48,67405.54,2,0,0
202,48982.0,3,77,60,73639.06,2,0,0
203,60286.0,1,73,27,91956.84,1,0,1
204,44712.0,2,49,46,76451.55,3,0,0
205,49882.0,2,57,28,64100.13,1,0,0
206,46791.0,3,59,59,78379.79,1,0,0
207,52585.0,3,78,35,77592.94,1,0,1
208,59130.0,1,79,63,70314.89,3,0,0
209,63061.0,4,36,40,72339.71,3,0,0
210,55293.0,4,39,20,75774.95,3,0,0
211,54222.0,4,40,40,71232.98,1,0,0
212,48720.0,3,66,24,61022.27,2,0,0
213,49971.0,2,77,34,69437.41,3,0,0
214,58774.0,4,70,45,73028.67,3,0,0
215,59781.0,1,46,41,76811.45,3,0,0
216,54690.0,3,71,53,65923.72,2,0,0
217,43494.0,1,60,27,68676.93,1,0,0
218,54356.0,1,69,26,67766.33,2,0,0
219,44261.0,4,64,24,75535.5,2,0,0
220,61570.0,3,74,34,75762.91,2,0,0
221,59600.0,3,52,53,75588.76,2,0,0
222,52971.0,2,56,32,70086.07,2,0,0
223,57963.0,2,60,19,96125.18,1,0,1
224,44781.0,2,75,42,80753.62,2,0,1
225,62903.0,4,82,55,71048.24,2,0,0
226,58282.0,4,78,28,71454.9,1,0,0
227,66411.0,1,47,58,87222.87,2,0,0
228,58109.0,4,44,41,75683.99,1,0,0
229,51572.0,4,35,47,78834.2,2,0,0
230,63031.0,1,48,42,72943.91,3,0,0
231,54081.0,1,42,59,66774.11,3,0,0
232,45676.0,4,81,19,58845.4,2,0,0
233,52116.0,2,60,59,75689.83,1,0,0
234,46127.0,1,56,39,68623.41,2,0,0
235,48343.0,3,78,40,68392.67,3,0,1
236,56666.0,3,47,18,53730.63,3,0,0
237,67170.0,4,55,31,69913.11,2,0,0
238,51096.0,3,70,19,80820.27,1,0,1
239,64120.0,2,35,44,71001.53,3,0,0
240,59001.0,2,81,23,89974.05,3,0,1
241,45187.0,3,74,33,71161.34,1,0,0
242,53027.0,4,69,55,106846.34,2,0,0
243,55858.0,4,47,40,77673.29,3,0,0
244,49074.0,3,58,63,84287.39,1,0,1
245,54121.0,3,51,54,84320.29,2,0,0
246,61285.0,3,44,60,77283.59,3,0,0
247,63140.0,1,44,24,68416.86,1,0,0
248,44907.0,1,60,19,70186.19,2,0,0
249,52054.0,2,67,29,73394.09,2,0,0
250,44353.0,3,75,18,70056.31,3,0,1
251,54987.0,3,69,63,111873.3,3,0,1
252,54808.0,2,51,54,101785.04,3,0,1
253,58153.0,3,55,27,76298.9,1,0,0
254,51912.0,2,66,50,113141.14,2,0,1
255,51735.0,1,67,55,71890.09,3,0,0
256,55928.0,4,75,56,108750.87,3,0,1
257,61132.0,1,72,38,68120.03,3,0,0
258,47560.0,4,70,51,67760.38,1,0,0
259,53080.0,3,68,19,97151.38,1,0,1
260,46136.0,1,73,58,81234.6,3,0,0
261,54869.0,2,76,20,72296.79,3,0,1
262,53471.0,3,58,52,82735.4,1,0,1
263,66355.0,1,81,19,99815.96,1,0,1
264,62836.0,4,41,53,72755.38,2,0,0
265,70468.0,2,38,46,111172.92,3,0,1
266,45743.0,4,45,40,80222.5,3,0,1
267,54083.0,3,83,59,70531.82,3,0,0
268,50573.0,3,60,45,70207.24,3,0,0
269,46637.0,4,46,49,66843.75,3,0,0
270,50393.0,4,55,18,60213.58,1,0,0
271,63916.0,1,70,50,105334.5,2,0,1
272,62911.0,3,65,41,65659.69,3,0,0
273,56876.0,1,35,50,83092.16,1,0,0
274,54032.0,1,38,25,66571.17,1,0,0
275,52888.0,4,76,47,78083.21,3,0,0
276,43457.0,1,74,19,62954.41,2,0,0
277,51281.0,3,55,22,66298.7,3,0,0
278,54806.0,2,57,59,82475.16,1,0,0
279,49646.0,1,59,51,74374.6,3,0,0
280,52883.0,1,55,40,78949.12,3,0,1
281,68419.0,4,46,54,106418.32,3,0,1
282,50242.0,4,71,30,70060.23,1,0,0
283,57133.0,3,72,55,77111.81,3,0,0
284,52065.0,4,80,52,68439.79,1,0,0
285,53490.0,2,72,46,68607.86,1,0,0
286,68539.0,3,51,46,76839.09,3,0,0
287,48471.0,1,52,63,70363.67,1,0,0
288,59759.0,4,67,59,104376.58,3,0,1
289,48380.0,2,76,52,83078.61,2,0,0
290,56990.0,3,85,28,72326.83,2,0,0
291,51090.0,3,80,29,88238.24,3,0,0
292,74198.0,1,57,25,99644.51,1,0,1
293,49883.0,2,83,22,60621.48,3,0,0
294,54757.0,1,70,25,81168.14,2,0,0
295,47031.0,1,77,18,69525.73,1,0,0
296,50737.0,3,59,19,80080.39,3,0,1
297,51867.0,3,71,47,82688.35,1,0,1
298,55886.0,1,59,31,96427.67,2,0,1
299,58056.0,2,35,48,69477.19,3,0,0
300,53101.0,4,70,36,74538.4,2,0,0
301,48782.0,4,48,53,79584.68,2,0,1
302,61585.0,1,43,56,74831.1,3,0,0
303,59979.0,4,75,28,58131.91,1,0,0
304,63899.0,1,56,57,84743.0,3,0,0
305,54798.0,1,54,29,75534.4,1,0,0
306,54744.0,4,78,28,81481.56,1,0,0
307,58383.0,2,46,30,69300.19,2,0,0
308,58709.0,4,85,58,90313.75,3,0,0
309,54126.0,2,43,41,73396.24,3,0,0
310,52976.0,4,50,50,70039.59,1,0,0
311,50339.0,2,60,19,70424.37,3,0,0
312,61609.0,2,74,43,91694.57,1,0,1
313,63395.0,1,66,49,74782.68,1,0,0
314,61270.0,2,73,27,102262.82,1,0,1
315,61862.0,4,51,52,79093.55,3,0,0
316,60695.0,1,62,50,70326.56,3,0,0
317,59922.0,3,42,54,86260.0,1,0,0
318,53748.0,2,74,44,63434.77,2,0,0
319,62196.0,2,69,32,66943.01,2,0,0
320,52827.0,2,43,34,65127.58,3,0,0
321,56003.0,1,68,26,79572.91,2,0,0
322,60107.0,3,40,34,108959.68,1,0,1
323,67292.0,3,46,57,75485.17,3,0,0
324,49605.0,4,58,29,66564.34,2,0,0
325,63647.0,3,50,40,77855.11,2,0,0
326,48581.0,4,69,27,58157.33,2,0,0
327,63334.0,1,71,45,94904.92,3,0,1
328,62264.0,2,52,64,114996.23,1,0,1
329,61180.0,1,53,52,84453.82,2,0,0
330,63370.0,1,38,61,112185.3,3,0,1
331,52121.0,4,64,52,85433.78,2,0,1
332,58782.0,4,81,61,71725.42,3,0,0
333,52717.0,3,81,56,69686.43,2,0,0
334,65291.0,2,51,43,87624.82,1,0,0
335,62820.0,3,62,64,75366.41,1,0,0
336,55219.0,3,36,60,69293.67,1,0,0
337,50637.0,4,81,62,72653.54,1,0,0
338,56777.0,3,72,50,101676.27,3,0,1
339,48367.0,2,82,46,64602.94,1,0,0
340,50440.0,4,49,24,84891.91,3,0,0
341,56640.0,4,59,62,80912.22,1,0,0
342,52862.0,4,38,60,75668.6,3,0,0
343,66238.0,4,37,63,87865.95,2,0,0
344,63067.0,2,41,49,72570.68,2,0,0
345,50768.0,4,65,34,63243.71,2,0,0
346,62897.0,2,57,33,64127.09,1,0,0
347,56970.0,3,43,46,81291.41,1,0,0
348,50145.0,2,57,36,58437.39,3,0,0
349,57744.0,3,71,19,68804.22,2,0,0
350,50546.0,2,70,57,65555.15,1,0,0
351,49630.0,3,39,50,78953.09,1,0,0
352,49201.0,1,75,30,71665.52,3,0,0
353,59672.0,1,41,33,78716.54,2,0,0
354,65360.0,4,85,18,67305.64,3,0,0
355,56630.0,4,78,46,91874.27,2,0,0
356,66225.0,2,52,46,68828.39,1,0,0
357,50905.0,1,51,47,71592.06,2,0,0
358,70139.0,3,57,23,69655.87,2,0,0
359,50225.0,3,78,18,55965.32,3,0,0
360,58491.0,1,82,48,77992.0,3,0,0
361,54429.0,3,73,35,67723.64,3,0,0
362,48660.0,4,40,19,69552.9,3,0,1
363,54944.0,4,52,21,71319.69,3,0,0
364,45569.0,1,45,21,61314.49,3,0,0
365,54688.0,3,72,49,77659.8,3,0,0
366,55031.0,3,38,56,79567.5,2,0,0
367,47800.0,3,51,42,64852.24,3,0,0
368,53525.0,3,76,44,76874.67,2,0,0
369,58158.0,4,52,18,74609.27,1,0,0
370,45831.0,4,50,61,67830.32,3,0,0
371,49068.0,3,38,57,76946.27,3,0,0
372,59055.0,1,62,42,74170.88,1,0,0
373,56061.0,1,50,26,89914.73,3,0,1
374,54739.0,1,41,20,57101.04,2,0,0
375,48909.0,1,63,23,72988.31,3,0,1
376,53938.0,1,61,39,75465.42,1,0,1
377,64117.0,4,77,24,98229.46,2,0,1
378,53523.0,1,61,64,75104.22,1,0,0
379,54533.0,1,68,62,94600.05,3,0,0
380,41686.0,2,52,27,71243.97,2,0,1
381,52894.0,2,43,55,101285.3,2,0,1
382,54634.0,2,76,55,78275.87,2,0,0
383,71502.0,4,49,35,74600.09,2,0,0
384,49626.0,3,59,44,72344.51,3,0,0
385,64324.0,4,74,19,71994.5,2,0,0
386,62778.0,1,51,58,77589.36,3,0,0
387,52970.0,1,49,50,90017.28,3,0,0
388,45893.0,4,75,26,65271.68,3,0,0
389,50488.0,2,59,24,66640.89,1,0,0
390,60137.0,4,65,48,89189.31,3,0,0
391,57816.0,4,66,19,59189.52,2,0,0
392,51943.0,1,62,48,69695.94,3,0,0
393,59544.0,3,51,49,70404.0,2,0,0
394,61499.0,2,76,46,64944.99,3,0,0
395,41294.0,1,39,46,71733.25,3,0,0
396,58538.0,1,75,43,76807.18,1,0,0
397,57406.0,2,61,21,84235.74,3,0,0
398,50528.0,1,68,64,74927.63,1,0,0
399,61700.0,4,36,18,66204.58,3,0,0
400,47270.0,1,51,51,68331.12,1,0,0
401,69065.0,1,76,47,80932.58,3,0,0
402,60257.0,4,39,64,82519.16,2,0,0
403,61079.0,1,79,49,77040.51,3,0,0
404,42108.0,3,49,31,72612.42,3,0,0
405,63977.0,4,63,52,84692.16,1,0,0
406,45174.0,3,61,33,65377.42,3,0,0
407,52699.0,3,69,47,69660.75,1,0,0
408,42512.0,2,80,38,69717.83,1,0,0
409,55176.0,3,75,32,57008.66,2,0,0
410,38605.0,1,38,19,69365.78,3,0,0
411,46677.0,1,39,44,77774.74,3,0,1
412,45778.0,1,71,26,79016.85,1,0,1
413,43939.0,2,39,25,74387.54,1,0,0
414,56398.0,4,57,19,68191.78,1,0,0
415,55835.0,2,42,43,60230.16,1,0,0
416,63076.0,2,76,52,73796.54,1,0,0
417,42990.0,4,69,36,72310.2,1,0,1
418,65196.0,4,57,64,81015.32,2,0,0
419,52971.0,3,38,63,81697.6,1,0,1
420,59430.0,4,54,64,104243.15,2,0,1
421,60711.0,1,65,61,101556.34,1,0,1
422,55375.0,1,68,40,106794.93,2,0,1
423,52454.0,4,73,25,71600.02,3,0,0
424,58185.0,3,83,48,81949.56,2,0,0
425,47925.0,1,36,45,73749.23,3,0,0
426,47421.0,2,53,38,71375.68,2,0,0
427,51533.0,3,61,18,72477.67,1,0,0
428,36990.0,2,43,21,65008.02,3,0,0
429,56116.0,1,67,27,84698.85,1,0,0
430,62878.0,2,47,19,97088.21,2,0,0
431,42736.0,3,64,29,60591.81,2,0,0
432,55608.0,1,78,42,70832.23,2,0,0
433,59842.0,4,46,60,71889.51,1,0,0
434,56444.0,3,45,31,73635.67,3,0,0
435,53316.0,1,48,60,70999.92,2,0,0
436,53856.0,2,75,22,66756.42,2,0,0
437,54873.0,2,58,35,72489.65,3,0,0
438,68315.0,3,79,52,81832.1,2,0,0
439,52544.0,1,42,26,73939.42,3,0,0
440,57189.0,3,47,31,66790.5,3,0,0
441,57695.0,2,55,33,96600.42,1,0,1
442,68011.0,2,70,18,53020.32,1,0,0
443,64691.0,2,44,59,80588.67,2,0,0
444,53910.0,3,75,56,90228.63,2,0,1
445,60907.0,2,57,45,79263.09,1,0,0
446,54327.0,2,64,60,88561.51,2,0,0
447,46538.0,1,53,56,62424.16,2,0,0
448,52796.0,2,79,40,65442.63,1,0,0
449,64231.0,1,75,35,66671.19,1,0,0
450,59444.0,3,59,39,76341.13,2,0,0
451,49831.0,3,63,30,73782.54,2,0,0
452,45913.0,3,75,24,69436.17,2,0,0
453,52310.0,4,47,20,56862.74,2,0,0
454,69868.0,4,55,32,79427.58,2,0,0
455,60939.0,1,74,59,91681.45,1,0,0
456,57469.0,3,45,55,77103.63,2,0,0
457,52571.0,3,72,57,66313.95,1,0,0
458,67425.0,1,59,56,82675.11,1,0,0
459,59817.0,1,78,40,67427.14,3,0,0
460,65657.0,3,83,49,76090.01,2,0,0
461,50292.0,1,49,42,85106.53,2,0,1
462,60081.0,2,41,62,75901.99,3,0,0
463,52897.0,4,49,56,82030.46,3,0,0
464,52642.0,1,84,19,63601.24,1,0,0
465,50843.0,3,45,30,67351.02,2,0,1
466,56192.0,2,50,60,81955.26,1,0,0
467,58100.0,4,67,56,67700.67,2,0,0
468,47928.0,3,83,28,92828.33,2,0,0
469,50000.0,4,37,18,64431.37,1,0,0
470,59968.0,3,85,27,55221.36,3,0,0
471,57102.0,3,49,18,66958.6,3,0,0
472,51617.0,3,47,19,71871.01,3,0,0
473,57304.0,2,85,47,93477.17,1,0,0
474,53736.0,4,45,54,79771.46,2,0,1
475,51073.0,2,45,61,86575.65,2,0,1
476,50138.0,3,70,24,95813.53,3,0,1
477,63654.0,2,56,25,75793.14,1,0,0
478,57408.0,1,83,21,56636.9,1,0,0
479,55569.0,4,69,23,65668.72,1,0,0
480,63988.0,2,79,63,80614.98,3,0,0
481,61721.0,2,45,49,70220.52,3,0,0
482,59669.0,2,81,18,53921.11,2,0,0
483,65851.0,2,60,51,75572.88,1,0,0
484,62411.0,4,42,48,77207.7,1,0,0
485,55412.0,1,68,31,60710.06,3,0,0
486,43715.0,1,78,54,75143.25,2,0,0
487,54231.0,1,62,19,76382.82,1,0,0
488,64433.0,3,46,44,111735.76,3,0,1
489,55232.0,1,80,53,65540.32,3,0,0
490,61583.0,3,52,19,67531.15,2,0,0
491,46532.0,2,83,61,75598.32,1,0,0
492,53540.0,1,67,18,69264.0,1,0,0
493,64566.0,3,81,61,89477.54,1,0,0
494,48681.0,4,81,21,82925.12,2,0,1
495,56554.0,1,74,20,76083.3,3,0,0
496,51206.0,3,53,31,68596.74,1,0,0
497,52435.0,1,55,45,74170.13,2,0,0
498,50155.0,4,39,44,59306.19,1,0,0
499,64187.0,4,39,62,67432.59,1,0,0
500,59413.0,1,82,29,95450.98,3,0,1
501,46707.0,3,47,43,72730.05,3,0,0
502,47277.0,3,59,51,83631.77,2,0,1
503,58500.0,2,35,19,96401.16,2,0,1
504,57730.0,3,77,38,64151.37,2,0,0
505,51923.0,2,62,37,78114.29,3,0,0
506,51612.0,2,37,22,60924.86,3,0,0
507,43980.0,3,77,21,71338.39,2,0,0
508,45394.0,4,60,24,65139.49,3,0,0
509,55176.0,4,35,57,69100.46,3,0,0
510,56245.0,2,45,56,86927.86,2,0,0
511,59043.0,2,49,27,69219.33,2,0,0
512,48766.0,4,37,51,73707.1,1,0,0
513,58626.0,4,61,19,76788.27,1,0,0
514,52001.0,2,49,39,85600.1,2,0,1
515,59352.0,4,43,58,85744.04,2,0,0
516,64052.0,3,52,20,91330.57,2,0,0
517,57344.0,4,38,45,68928.96,2,0,0
518,54246.0,1,64,35,71387.98,1,0,0
519,51942.0,3,44,31,66988.1,3,0,0
520,56726.0,2,58,50,92894.44,1,0,0
521,67851.0,3,37,32,67278.35,1,0,0
522,62959.0,3,49,51,79975.83,1,0,0
523,60621.0,1,56,38,61501.14,2,0,0
524,53839.0,4,67,42,100719.01,2,0,1
525,59229.0,3,85,18,61871.8,2,0,0
526,54598.0,4,42,19,74819.09,2,0,0
527,51247.0,4,73,51,71395.15,3,0,0
528,69245.0,1,46,46,76576.5,2,0,0
529,45520.0,2,75,18,59940.2,3,0,0
530,65606.0,1,35,57,101280.17,2,0,1
531,59206.0,2,63,62,73927.15,3,0,0
532,50418.0,4,84,59,82172.24,1,0,0
533,62251.0,2,56,37,80040.49,3,0,0
534,67078.0,3,62,64,81452.04,3,0,0
535,56981.0,1,35,38,68630.86,3,0,0
536,64976.0,2,68,33,79118.64,1,0,0
537,59392.0,2,80,46,77197.29,1,0,0
538,52617.0,1,75,46,70505.65,2,0,0
539,51484.0,3,51,53,87095.67,2,0,0
540,62724.0,1,81,34,61484.31,3,0,0
541,57844.0,2,42,20,65493.39,1,0,0
542,58479.0,1,62,63,74974.14,2,0,0
543,73856.0,1,75,54,121362.73,3,0,1
544,60126.0,1,44,54,66575.29,2,0,0
545,49947.0,2,56,49,85975.9,3,0,1
546,63402.0,1,44,28,67244.5,1,0,0
547,66956.0,4,59,54,69163.02,3,0,0
548,50975.0,2,65,25,63470.6,3,0,0
549,70528.0,2,46,43,103308.6,2,0,1
550,58773.0,3,39,63,78733.5,3,0,0
551,52160.0,3,40,32,59944.47,2,0,0
552,46289.0,4,85,62,80727.84,2,0,0
553,60421.0,1,65,52,69957.72,1,0,0
554,65688.0,1,48,25,86779.9,2,0,0
555,44223.0,1,73,28,60276.99,2,0,0
556,57888.0,1,79,46,69644.59,1,0,0
557,61457.0,2,37,34,62905.33,1,0,0
558,55713.0,1,53,35,91461.53,2,0,1
559,56519.0,1,64,19,68107.12,3,0,0
560,46264.0,3,52,46,59944.19,3,0,0
561,61984.0,1,55,54,73132.19,1,0,0
562,53585.0,4,83,27,66902.35,2,0,0
563,69993.0,2,66,50,77519.72,1,0,0
564,55083.0,4,78,18,64807.83,1,0,0
565,54624.0,3,40,19,64539.46,1,0,0
566,69272.0,1,52,38,74082.97,2,0,0
567,54790.0,3,37,41,74176.38,3,0,0
568,55440.0,1,48,49,64550.69,3,0,0
569,64558.0,3,47,48,99734.64,2,0,1
570,50385.0,4,67,31,70422.32,2,0,0
571,61828.0,3,42,18,68584.06,3,0,0
572,71543.0,4,82,30,61366.78,3,0,0
573,60757.0,3,48,62,85245.01,2,0,0
574,64225.0,4,43,57,80470.64,1,0,0
575,55470.0,3,36,58,68557.78,3,0,0
576,47049.0,4,65,22,57010.86,3,0,0
577,59101.0,3,56,31,113843.16,1,0,1
578,55453.0,3,67,52,71105.71,2,0,0
579,44848.0,3,41,25,65897.67,1,0,0
580,48183.0,4,35,59,73716.85,1,0,0
581,52782.0,1,56,19,62989.38,3,0,0
582,69431.0,1,49,39,66323.22,2,0,0
583,51589.0,4,41,32,78048.35,3,0,0
584,48860.0,4,67,19,65236.18,1,0,0
585,50087.0,1,82,33,59009.52,3,0,0
586,49047.0,3,40,21,74563.83,3,0,0
587,56231.0,1,74,34,92698.56,3,0,1
588,61046.0,4,60,61,77981.88,1,0,0
589,57851.0,1,79,38,61211.79,1,0,0
590,57087.0,4,57,58,78324.59,1,0,0
591,48844.0,2,78,47,70576.11,1,0,0
592,51214.0,2,54,20,59565.94,2,0,0
593,49750.0,4,70,21,65081.36,1,0,1
594,68145.0,3,84,41,64093.96,1,0,0
595,55675.0,1,46,46,76864.52,1,0,0
596,53388.0,2,61,42,70286.85,3,0,0
597,57584.0,4,44,34,73572.32,2,0,0
598,56087.0,3,85,43,74611.23,2,0,0
599,65165.0,1,79,52,100742.29,2,0,0
600,61095.0,1,54,18,53472.6,3,0,0
601,55522.0,3,38,51,79954.36,1,0,0
602,54823.0,2,64,56,78933.39,3,0,0
603,62830.0,4,51,64,83153.13,3,0,0
604,54550.0,1,53,19,73581.57,1,0,1
605,54662.0,3,74,51,70751.48,2,0,0
606,49239.0,4,45,27,63459.16,3,0,0
607,53652.0,2,68,59,82182.86,1,0,1
608,50659.0,3,63,28,77372.88,3,0,0
609,59169.0,4,51,30,95875.83,3,0,1
610,56043.0,1,44,47,62426.39,3,0,0
611,59528.0,2,35,38,65621.21,2,0,0
612,54324.0,2,74,18,65404.57,1,0,0
613,40574.0,2,66,34,62314.99,3,0,0
614,60511.0,4,56,20,55486.61,1,0,0
615,61626.0,3,42,47,102099.91,3,0,1
616,56704.0,4,73,56,77326.3,3,0,0
617,55507.0,3,68,49,81770.13,1,0,1
618,63071.0,2,60,19,95369.35,1,0,1
619,60356.0,4,51,55,77809.72,3,0,0
620,55650.0,4,75,30,62505.95,1,0,0
621,55291.0,3,56,37,102592.89,1,0,1
622,50234.0,3,42,49,75835.34,3,0,0
623,57309.0,2,44,18,108840.13,3,0,1
624,49801.0,1,40,59,78467.44,3,0,0
625,53160.0,1,46,29,62498.78,3,0,0
626,51698.0,1,67,36,82885.09,2,0,0
627,69671.0,3,36,33,67675.99,3,0,0
628,62309.0,4,61,58,87098.07,3,0,0
629,62634.0,1,56,44,99438.63,2,0,1
630,64138.0,4,35,53,72864.74,3,0,0
631,51339.0,3,75,24,72905.05,3,0,0
632,56337.0,3,78,29,69201.42,2,0,0
633,47655.0,2,80,40,76955.42,1,0,0
634,63372.0,3,43,51,82767.25,3,0,0
635,63512.0,3,43,64,85418.25,1,0,0
636,47893.0,1,53,19,66799.89,1,0,0
637,63895.0,1,80,35,83672.86,1,0,0
638,52623.0,1,47,39,80856.11,3,0,1
639,58616.0,4,38,56,70153.22,1,0,0
640,65363.0,3,79,33,73418.48,2,0,0
641,53149.0,1,71,42,84130.43,1,0,1
642,56350.0,4,37,61,83817.75,3,0,0
643,57901.0,4,82,23,70462.3,1,0,0
644,56632.0,2,46,43,85006.88,1,0,0
645,53453.0,1,39,48,73023.46,1,0,0
646,53821.0,2,63,39,74467.3,2,0,0
647,45986.0,4,55,40,73401.83,1,0,0
648,54357.0,3,54,18,77579.31,1,0,0
649,61409.0,3,77,58,78989.16,2,0,0
650,66330.0,4,44,49,68736.41,2,0,0
651,64649.0,3,47,53,79999.26,2,0,0
652,52136.0,4,77,48,63749.73,2,0,0
653,60103.0,3,74,45,74810.66,1,0,0
654,62521.0,1,70,59,77733.27,3,0,0
655,49103.0,1,80,52,81128.88,2,0,1
656,71328.0,1,65,26,77695.83,1,0,0
657,58953.0,4,46,27,64535.0,3,0,0
658,59927.0,2,51,48,87640.58,3,0,0
659,49840.0,3,37,57,69511.75,2,0,0
660,67431.0,3,46,37,66775.8,1,0,0
661,45910.0,3,44,57,82368.08,1,0,0
662,51683.0,3,55,32,62070.15,3,0,0
663,54298.0,4,44,18,69619.85,3,0,0
664,49209.0,3,59,64,78320.21,1,0,1
665,62631.0,2,68,43,105727.87,2,0,1
666,55394.0,1,61,49,79057.81,3,0,0
667,57876.0,2,39,40,99227.71,2,0,1
668,60476.0,1,85,62,113212.07,3,0,1
669,53787.0,2,42,40,66886.63,1,0,0
670,59116.0,1,81,30,63752.0,3,0,0
671,53671.0,2,65,29,68221.29,1,0,0
672,55289.0,2,75,36,60479.67,2,0,0
673,52987.0,1,52,41,68586.4,3,0,0
674,71473.0,4,84,44,92655.28,1,0,1
675,45893.0,3,70,45,66715.6,3,0,0
676,63091.0,3,68,55,77143.39,2,0,0
677,56830.0,1,84,60,108471.68,3,0,1
678,64221.0,1,55,56,91904.17,1,0,0
679,50761.0,2,62,49,72795.44,3,0,0
680,44663.0,1,61,21,67584.07,1,0,0
681,47451.0,1,44,19,64086.37,2,0,0
682,60917.0,3,69,39,101886.28,1,0,1
683,47576.0,4,68,53,66654.11,2,0,0
684,40632.0,2,61,33,71017.54,3,0,0
685,53942.0,1,44,53,79333.46,3,0,0
686,50105.0,4,74,42,76594.04,1,0,0
687,63562.0,3,41,40,79720.02,3,0,0
688,49275.0,3,38,47,84809.17,1,0,0
689,52857.0,2,49,27,87581.33,1,0,1
690,52889.0,2,80,21,61991.12,3,0,0
691,63893.0,3,73,47,79299.74,3,0,0
692,58001.0,1,82,20,63021.18,2,0,0
693,48539.0,2,59,24,62387.28,2,0,0
694,62261.0,4,39,27,59214.25,1,0,0
695,66242.0,2,81,26,62441.32,2,0,0
696,61262.0,2,82,53,91266.27,1,0,0
697,61930.0,1,76,41,96932.92,3,0,1
698,58204.0,2,82,56,69392.13,1,0,0
699,66907.0,3,64,23,70599.91,1,0,0
700,60810.0,4,57,21,62927.79,2,0,0
701,71549.0,4,47,50,83116.21,2,0,0
702,63687.0,3,65,53,79063.48,2,0,0
703,55575.0,2,76,34,66913.22,1,0,0
704,51340.0,3,53,47,62978.36,3,0,0
705,55989.0,1,61,33,73230.0,2,0,0
706,61656.0,3,51,51,92299.77,2,0,1
707,53303.0,2,57,49,71335.91,1,0,0
708,52308.0,4,46,31,75515.45,1,0,0
709,50961.0,2,74,36,67015.8,1,0,0
710,64693.0,4,64,18,57202.89,1,0,0
711,53444.0,3,49,50,73486.99,1,0,0
712,50977.0,2,39,43,69543.95,3,0,0
713,64679.0,3,84,20,71605.72,3,0,0
714,46192.0,1,45,24,61873.12,1,0,0
715,51157.0,1,74,60,86136.48,3,0,0
716,50975.0,1,84,49,71254.94,1,0,0
717,44522.0,4,75,60,73051.32,1,0,0
718,66466.0,4,82,51,67802.33,3,0,0
719,57809.0,4,73,58,75308.28,3,0,0
720,64865.0,3,37,51,68233.58,1,0,0
721,64419.0,3,54,53,76205.05,1,0,0
722,61665.0,4,85,62,77770.17,3,0,0
723,58401.0,4,48,19,65546.96,3,0,0
724,56452.0,3,58,50,79834.42,3,0,0
725,59079.0,4,83,30,89784.95,1,0,1
726,57178.0,1,49,41,62471.09,2,0,0
727,43154.0,1,41,29,73960.7,1,0,1
728,66113.0,4,78,18,62118.85,1,0,0
729,61367.0,4,53,41,68783.96,3,0,0
730,50269.0,3,59,35,74956.52,2,0,1
731,49579.0,3,68,53,75501.92,2,0,0
732,59535.0,1,74,24,66900.02,1,0,0
733,50357.0,2,42,48,67920.6,2,0,0
734,59413.0,1,66,59,84043.43,2,0,0
735,62127.0,4,65,49,68574.13,2,0,0
736,64762.0,1,63,37,89205.84,1,0,1
737,49361.0,3,82,26,77401.56,1,0,0
738,61256.0,2,65,23,107835.84,2,0,1
739,63258.0,2,57,29,110711.65,1,0,1
740,52271.0,3,77,45,76233.83,2,0,0
741,59081.0,3,62,27,65293.58,3,0,1
742,63947.0,4,50,53,104204.57,1,0,1
743,47765.0,3,64,31,67385.21,1,0,0
744,56001.0,3,46,50,65581.33,1,0,0
745,53097.0,4,75,50,59911.02,2,0,0
746,55213.0,2,55,34,82878.09,1,0,0
747,46248.0,4,38,19,57703.78,2,0,0
748,64931.0,4,70,47,73093.09,1,0,0
749,52432.0,2,57,28,64475.07,2,0,0
750,46681.0,1,64,37,69477.9,1,0,1
751,53992.0,3,72,21,63291.77,1,0,0
752,61431.0,4,45,64,82384.89,3,0,0
753,43343.0,4,80,58,70164.12,3,0,0
754,55168.0,3,82,24,78091.05,3,0,0
755,57128.0,4,77,31,79414.18,2,0,0
756,49004.0,2,73,39,75738.92,2,0,0
757,55294.0,3,68,47,74594.62,1,0,1
758,60466.0,2,84,30,64052.01,3,0,0
759,68023.0,3,54,18,92851.94,3,0,1
760,56831.0,2,47,22,59150.62,2,0,0
761,60909.0,3,67,23,68466.49,3,0,0
762,54744.0,4,62,33,85461.75,3,0,1
763,54660.0,3,43,27,75374.6,2,0,0
764,55085.0,1,59,45,69720.35,1,0,0
765,54021.0,3,60,57,74557.88,2,0,0
766,57988.0,3,67,47,80463.2,1,0,0
767,53563.0,2,82,42,71950.15,2,0,0
768,65041.0,3,35,64,79054.09,3,0,0
769,49106.0,4,64,38,63268.59,2,0,0
770,60296.0,2,56,61,96256.6,3,0,0
771,52516.0,2,55,53,68076.23,2,0,0
772,62913.0,4,55,44,81307.63,1,0,0
773,56259.0,2,37,19,76235.42,1,0,1
774,58635.0,2,76,41,64401.61,1,0,0
775,58393.0,2,54,51,81726.8,2,0,0
776,56343.0,3,58,40,75930.73,1,0,0
777,69103.0,3,61,45,81819.78,1,0,0
778,56302.0,2,78,35,62792.65,1,0,0
779,58682.0,4,56,53,73479.74,1,0,0
780,44755.0,4,79,30,73291.9,2,0,1
781,68087.0,2,48,18,66140.38,3,0,0
782,61111.0,3,67,51,71038.65,1,0,0
783,53210.0,1,40,50,92436.86,2,0,1
784,56411.0,2,56,31,62441.06,1,0,0
785,49618.0,3,79,35,73044.66,3,0,0
786,59442.0,2,72,60,74787.18,3,0,0
787,61362.0,2,51,21,62090.11,2,0,0
788,42655.0,2,70,29,71426.63,2,0,0
789,51003.0,4,74,62,76961.06,1,0,0
790,62984.0,1,38,39,72415.05,1,0,0
791,55600.0,4,58,19,73330.78,2,0,0
792,52226.0,2,61,22,64833.39,1,0,0
793,46979.0,1,66,53,75738.72,3,0,1
794,59752.0,3,46,39,71427.16,2,0,0
795,49839.0,1,81,27,78089.72,3,0,1
796,68797.0,2,79,30,71340.34,3,0,0
797,50705.0,3,52,30,62955.46,2,0,0
798,55987.0,4,50,58,69343.89,1,0,0
799,51256.0,4,75,33,73503.98,2,0,1
800,51639.0,1,69,42,60460.07,2,0,0
801,59523.0,2,55,64,73467.46,2,0,0
802,46380.0,1,62,21,70752.08,2,0,0
803,71123.0,4,57,18,100497.31,3,0,1
804,48611.0,4,61,23,70232.9,2,0,0
805,57328.0,4,65,45,60284.58,3,0,0
806,63521.0,4,82,40,82780.39,1,0,0
807,57604.0,3,82,19,65275.62,1,0,0
808,59305.0,4,78,18,74275.1,1,0,0
809,47312.0,4,75,25,71026.4,3,0,0
810,54513.0,3,82,46,80991.21,2,0,0
811,63523.0,3,45,33,58048.12,1,0,0
812,48852.0,1,76,54,68903.48,2,0,0
813,44096.0,3,60,28,79412.82,1,0,0
814,58892.0,2,79,36,65165.86,1,0,0
815,54118.0,2,50,20,56178.11,1,0,0
816,44960.0,4,42,24,61624.9,3,0,0
817,58422.0,2,54,23,75585.98,1,0,0
818,49329.0,4,46,47,85420.69,3,0,1
819,59455.0,4,43,33,112797.03,2,0,1
820,62637.0,2,65,45,69816.63,3,0,0
821,45637.0,4,37,26,70626.09,1,0,0
822,59481.0,4,77,18,64189.89,3,0,0
823,57100.0,2,54,44,65875.31,1,0,0
824,49702.0,2,85,60,76284.19,2,0,0
825,54415.0,3,75,64,73791.08,1,0,0
826,52110.0,1,67,56,98530.39,3,0,1
827,49570.0,4,72,36,83977.24,3,0,1
828,60301.0,3,66,41,100861.51,2,0,1
829,43612.0,3,48,39,71010.86,1,0,0
830,59933.0,3,77,63,80641.2,3,0,0
831,53563.0,3,69,36,55882.26,3,0,0
832,50705.0,3,74,28,55436.85,1,0,0
833,56493.0,1,73,58,74613.3,3,0,0
834,61040.0,3,54,36,78423.94,3,0,0
835,58049.0,2,51,42,65084.43,3,0,0
836,54506.0,2,65,36,68699.58,3,0,0
837,55502.0,1,47,56,81558.03,2,0,0
838,43496.0,1,57,35,59786.34,1,0,0
839,55109.0,2,68,59,62624.16,1,0,0
840,52417.0,3,73,21,72336.45,3,0,0
841,48990.0,4,83,59,79310.37,1,0,0
842,62458.0,2,66,23,84342.95,3,0,1
843,50520.0,1,80,57,77117.5,1,0,1
844,59420.0,2,46,53,76789.76,2,0,0
845,62279.0,1,84,60,105013.72,1,0,1
846,63285.0,2,62,51,86109.93,2,0,0
847,71756.0,4,67,23,72141.43,3,0,0
848,44682.0,4,44,27,62625.75,1,0,0
849,57576.0,2,43,55,79029.75,1,0,0
850,58364.0,2,74,37,94112.48,1,0,1
851,58625.0,1,63,61,85704.69,1,0,0
852,60754.0,2,65,46,110450.43,3,0,1
853,52462.0,3,57,53,74631.46,3,0,0
854,52402.0,3,65,49,74672.78,1,0,1
855,53334.0,1,77,20,72656.08,3,0,0
856,62455.0,4,60,48,102188.48,1,0,1
857,52388.0,2,40,25,81777.6,1,0,1
858,52322.0,1,49,25,76563.41,1,0,0
859,52235.0,3,36,57,87812.2,1,0,0
860,75785.0,4,63,37,110338.25,3,0,1
861,49974.0,2,77,38,60572.12,1,0,0
862,56950.0,4,44,55,64365.88,1,0,0
863,45321.0,1,65,36,64269.18,3,0,0
864,47794.0,2,50,51,70541.87,2,0,0
865,53920.0,2,60,40,73208.38,2,0,0
866,62728.0,4,71,18,65436.75,2,0,0
867,65633.0,3,56,57,73353.22,2,0,0
868,47254.0,4,83,61,83867.16,3,0,0
869,44699.0,3,75,25,57799.66,1,0,0
870,59813.0,1,79,50,82305.51,1,0,0
871,54051.0,2,40,26,65478.95,3,0,0
872,47027.0,3,71,42,74077.19,3,0,0
873,50329.0,4,64,43,70299.7,1,0,0
874,42581.0,4,62,44,75358.79,1,0,0
875,55895.0,4,40,23,61970.76,3,0,0
876,49123.0,4,53,49,93648.47,2,0,0
877,62570.0,3,61,33,76271.87,3,0,0
878,58546.0,4,56,41,79412.09,3,0,0
879,56740.0,1,49,37,76894.94,3,0,0
880,54979.0,4,72,22,65489.23,2,0,0
881,47472.0,2,77,23,60817.97,3,0,0
882,44468.0,2,85,21,69857.81,3,0,0
883,64930.0,1,66,51,114939.65,1,0,1
884,54374.0,3,46,25,70244.25,2,0,0
885,56541.0,2,55,32,83707.39,3,0,1
886,57679.0,4,70,57,87477.23,1,0,1
887,54712.0,1,49,36,64010.16,3,0,0
888,63180.0,2,63,22,82469.16,2,0,0
889,60270.0,4,69,57,70126.63,2,0,0
890,47495.0,4,38,64,80020.81,3,0,1
891,55139.0,3,45,36,72854.07,1,0,0
892,51735.0,3,61,54,66678.16,1,0,0
893,61650.0,3,51,47,106083.08,3,0,1
894,58586.0,3,39,62,75871.39,2,0,0
895,66002.0,1,83,61,74820.02,3,0,0
896,47266.0,1,61,43,84114.74,3,0,1
897,47405.0,2,55,19,68346.92,2,0,0
898,64420.0,3,65,18,58213.89,1,0,0
899,43863.0,2,72,19,61926.91,3,0,0
900,43788.0,4,85,49,67487.61,3,0,0
901,63425.0,4,38,60,101535.38,3,0,1
902,54728.0,3,37,26,63450.6,1,0,0
903,57972.0,3,41,49,72940.89,3,0,0
904,63978.0,3,46,60,82356.56,1,0,0
905,57607.0,4,65,26,67500.35,1,0,0
906,60357.0,3,36,27,72642.89,1,0,0
907,57009.0,3,51,44,70973.39,3,0,0
908,65649.0,3,42,63,84786.24,1,0,0
909,47419.0,2,50,32,77614.88,2,0,1
910,55922.0,2,77,22,71337.37,1,0,0
911,61427.0,2,41,18,87870.75,2,0,1
912,55640.0,3,42,59,70233.93,3,0,0
913,55241.0,4,79,44,76125.83,3,0,0
914,48676.0,1,58,33,61726.27,3,0,0
915,58164.0,4,53,24,64801.96,3,0,0
916,56740.0,4,77,43,78680.21,3,0,1
917,45505.0,3,57,45,99918.3,3,0,1
918,48360.0,3,41,61,74265.4,3,0,0
919,55929.0,1,80,35,59047.34,2,0,0
920,53493.0,4,53,62,80458.58,1,0,0
921,61004.0,1,35,62,80531.42,1,0,0
922,56939.0,3,75,38,75515.74,3,0,0
923,57954.0,1,71,34,68438.25,1,0,0
924,49897.0,4,51,43,70647.33,2,0,0
925,58645.0,3,41,50,98335.39,3,0,0
926,50229.0,2,41,19,67718.5,3,0,0
927,45588.0,2,81,57,66422.09,3,0,0
928,66693.0,1,76,62,66501.14,1,0,0
929,62665.0,4,37,41,78535.73,1,0,0
930,69083.0,2,83,26,76813.5,3,0,0
931,54377.0,3,62,39,68986.8,1,0,0
932,55776.0,3,82,46,81036.78,3,0,0
933,64803.0,4,41,45,77615.87,2,0,0
934,63553.0,2,44,32,74583.85,1,0,0
935,50259.0,3,51,59,64959.88,3,0,0
936,54908.0,4,73,44,94707.74,3,0,0
937,45698.0,1,78,39,67433.0,2,0,0
938,49782.0,4,52,18,68119.11,2,0,0
939,57965.0,2,55,53,63691.22,1,0,0
940,47177.0,4,82,18,59812.41,2,0,0
941,72319.0,1,51,50,63538.43,1,0,0
942,67969.0,2,40,18,77435.2,1,0,0
943,45487.0,3,37,19,68015.59,3,0,0
944,64010.0,1,46,62,78249.35,2,0,0
945,59227.0,2,47,56,76488.51,3,0,0
946,56738.0,3,49,42,68689.9,3,0,0
947,62898.0,3,60,37,112310.5,1,0,1
948,59175.0,2,82,42,71663.53,3,0,0
949,57608.0,2,49,25,78713.91,3,0,1
950,42804.0,2,37,57,74893.91,3,0,0
951,65482.0,3,39,51,106633.64,1,0,1
952,57042.0,4,42,30,60644.12,1,0,0
953,56350.0,2,74,44,104154.81,3,0,1
954,50451.0,1,56,34,74128.76,2,0,1
955,62759.0,3,37,31,69951.41,2,0,0
956,59683.0,1,81,54,97523.1,3,0,1
957,47381.0,1,48,24,73987.04,1,0,0
958,63504.0,4,84,43,105528.87,3,0,1
959,57127.0,4,61,48,99276.61,2,0,0
960,64290.0,1,66,19,60547.58,1,0,0
961,54212.0,4,38,29,68571.4,3,0,0
962,59576.0,1,62,63,69043.09,2,0,0
963,48175.0,3,49,46,77795.84,1,0,0
964,63797.0,2,37,52,86647.26,3,0,0
965,48682.0,1,85,35,63554.03,1,0,0
966,46558.0,3,80,51,80430.97,2,0,1
967,48690.0,2,72,44,72842.01,1,0,0
968,54340.0,2,53,21,65228.8,3,0,0
969,63711.0,1,73,39,65032.62,1,0,0
970,49427.0,3,40,50,67402.38,2,0,0
971,44122.0,4,85,34,69206.59,2,0,0
972,45932.0,1,84,22,55399.38,1,0,0
973,69670.0,2,62,19,64748.93,1,0,0
974,65207.0,4,61,26,67929.18,3,0,0
975,45354.0,3,72,29,74793.11,1,0,1
976,67339.0,1,37,48,69262.14,3,0,0
977,54440.0,1,53,26,61913.04,3,0,0
978,63423.0,2,54,45,70907.55,3,0,0
979,55621.0,1,57,36,63331.0,2,0,0
980,46432.0,3,61,54,102860.45,2,0,0
981,49513.0,1,84,34,69525.33,2,0,0
982,52918.0,4,61,31,82323.34,1,0,1
983,51609.0,4,72,27,69498.18,3,0,0
984,58698.0,1,42,20,75139.44,2,0,0
985,49215.0,1,35,44,66596.56,1,0,0
986,50665.0,3,42,43,66304.02,2,0,0
987,49942.0,2,57,45,92925.38,1,0,0
988,59353.0,1,75,34,69939.63,1,0,0
989,42342.0,2,37,24,70469.63,1,0,1
990,43714.0,4,79,26,59175.73,3,0,0
991,55163.0,4,67,38,79945.54,1,0,0
992,52938.0,2,55,50,76461.93,1,0,0
993,55938.0,3,63,38,74774.9,1,0,0
994,40365.0,3,54,27,68402.56,3,0,1
995,51564.0,4,37,39,68158.59,3,0,0
996,58789.0,3,73,39,78067.29,1,0,0
997,58063.0,2,63,63,77986.3,3,0,0
998,56799.0,2,56,33,62165.11,1,0,0
999,53629.0,4,68,36,69648.9,3,0,0
1000,45294.0,4,45,30,70944.17,3,0,1
1001,58036.0,2,83,24,92011.57,1,0,1
1002,54669.0,2,39,24,66673.19,2,0,0
1003,50452.0,3,42,48,91483.53,2,0,0
1004,45684.0,3,46,47,78841.27,1,0,0
1005,53872.0,4,56,29,70996.88,2,0,0
1006,53529.0,1,79,28,77430.4,3,0,0
1007,57125.0,2,81,47,89234.87,3,0,1
1008,45486.0,1,48,25,81681.11,3,0,0
1009,53134.0,2,68,51,80317.29,2,0,0
1010,49260.0,4,78,48,76586.37,3,0,0
1011,49044.0,2,61,43,80955.45,2,0,1
1012,60235.0,4,46,61,91425.96,2,0,0
1013,60813.0,3,65,48,67755.37,3,0,0
1014,54218.0,4,42,38,74513.3,3,0,0
1015,50083.0,4,72,59,65942.45,1,0,0
1016,44912.0,2,67,19,64200.5,1,0,0
1017,57851.0,1,83,26,60930.67,3,0,0
1018,57569.0,2,42,54,68285.69,2,0,0
1019,58670.0,1,43,21,76976.49,3,0,0
1020,60290.0,1,53,51,81962.82,1,0,0
1021,54753.0,1,61,22,91972.51,1,0,1
1022,65622.0,1,39,47,101451.11,2,0,1
1023,46183.0,2,52,18,67435.46,3,0,0
1024,72661.0,3,74,47,70238.7,3,0,0
1025,58601.0,1,75,21,66538.09,2,0,0
1026,53160.0,1,48,19,73791.03,1,0,1
1027,44074.0,1,67,23,85688.22,1,0,0
1028,57795.0,1,43,54,83521.22,1,0,0
1029,42750.0,2,76,37,71368.6,2,0,0
1030,52091.0,2,53,46,72988.21,1,0,1
1031,56729.0,4,81,55,92360.49,2,0,1
1032,49998.0,2,35,30,60154.54,2,0,0
1033,45634.0,3,71,18,77400.43,3,0,1
1034,59128.0,1,56,61,85083.58,2,0,0
1035,47026.0,4,71,54,71084.32,2,0,0
1036,60268.0,3,78,22,86904.45,3,0,1
1037,57970.0,4,44,45,100715.13,2,0,1
1038,55204.0,3,83,22,70290.1,3,0,0
1039,48698.0,1,51,19,78933.47,2,0,0
1040,48779.0,1,79,35,69632.11,3,0,1
1041,51224.0,2,84,18,62549.33,3,0,0
1042,58035.0,1,64,20,86581.05,2,0,1
1043,46857.0,2,39,28,59126.22,3,0,0
1044,57928.0,3,58,55,70711.33,1,0,0
1045,48975.0,4,56,43,77684.11,3,0,1
1046,46945.0,4,53,43,63095.42,1,0,0
1047,73214.0,4,57,22,100119.53,3,0,1
1048,48934.0,3,73,25,58063.01,3,0,0
1049,59776.0,1,48,49,103831.72,3,0,1
1050,65198.0,4,55,44,60870.9,3,0,0
1051,55202.0,1,56,64,74959.86,1,0,0
1052,54972.0,1,85,49,78075.42,2,0,0
1053,56927.0,2,79,47,93102.25,3,0,1
1054,46207.0,3,71,27,60878.73,2,0,0
1055,54594.0,2,50,55,72363.85,2,0,0
1056,55117.0,2,59,48,72943.17,1,0,0
1057,53985.0,2,45,45,69523.02,2,0,0
1058,61926.0,2,46,24,63313.76,2,0,0
1059,56184.0,4,58,32,66697.47,2,0,0
1060,56101.0,3,62,24,59041.08,1,0,0
1061,52401.0,3,48,57,73990.76,3,0,0
1062,61410.0,4,83,59,102928.71,3,0,1
1063,48638.0,1,54,36,68374.75,2,0,0
1064,47527.0,2,77,29,58336.54,2,0,0
1065,45405.0,1,78,42,73800.36,2,0,0
1066,62532.0,4,70,48,65021.82,3,0,0
1067,71760.0,4,40,39,71187.52,1,0,0
1068,46342.0,3,42,63,78936.19,2,0,0
1069,53031.0,4,68,54,64318.12,3,0,0
1070,61439.0,2,56,37,101788.38,3,0,1
1071,55130.0,4,54,63,76329.43,3,0,0
1072,60214.0,3,59,21,62418.98,3,0,0
1073,52854.0,4,52,54,76868.81,2,0,0
1074,38765.0,4,72,60,80489.55,1,0,0
1075,56405.0,4,71,32,60035.1,3,0,0
1076,58805.0,1,36,47,74280.3,2,0,0
1077,52168.0,2,40,21,70571.96,2,0,0
1078,59767.0,2,37,28,98977.14,2,0,1
1079,54644.0,2,40,63,74059.06,3,0,0
1080,49891.0,4,75,18,66862.46,2,0,0
1081,49405.0,2,76,32,62673.14,2,0,0
1082,46596.0,1,49,38,61931.25,2,0,0
1083,55954.0,1,67,32,75850.13,3,0,0
1084,53647.0,4,64,62,74474.82,2,0,0
1085,42415.0,3,65,39,77673.62,3,0,1
1086,50550.0,3,78,55,79909.33,1,0,0
1087,51700.0,1,37,57,81569.98,2,0,0
1088,76815.0,4,75,52,82684.17,1,0,0
1089,42916.0,2,66,56,77490.53,2,0,0
1090,60526.0,2,51,47,89985.17,3,0,1
1091,50140.0,2,42,55,77386.51,3,0,0
1092,53962.0,1,58,23,79568.27,3,0,0
1093,60155.0,1,64,22,90213.45,1,0,1
1094,55621.0,2,51,50,71706.6,2,0,0
1095,52670.0,3,76,18,65619.7,2,0,0
1096,61692.0,4,53,51,110792.78,2,0,1
1097,55209.0,1,84,22,62356.93,3,0,0
1098,57955.0,2,55,52,76674.92,2,0,0
1099,55133.0,3,68,25,67971.72,2,0,0
1100,45664.0,3,39,33,69528.36,2,0,1
1101,49258.0,3,37,53,82986.23,1,0,0
1102,67454.0,2,84,29,69643.69,2,0,0
1103,65689.0,3,36,58,80505.46,3,0,0
1104,58428.0,3,65,37,80805.33,1,0,0
1105,56828.0,4,48,54,71673.46,2,0,0
1106,58460.0,2,41,49,72681.75,3,0,0
1107,50281.0,3,51,50,63263.77,3,0,0
1108,54657.0,1,71,26,65020.47,3,0,0
1109,47867.0,4,39,45,76955.95,1,0,0
1110,57924.0,1,43,54,73395.49,3,0,0
1111,58912.0,3,85,38,103944.32,3,0,1
1112,52752.0,3,35,48,72549.47,2,0,1
1113,49279.0,1,76,28,59191.67,3,0,0
1114,52642.0,1,85,23,66869.52,3,0,0
1115,60253.0,3,58,55,69106.06,1,0,0
1116,57597.0,2,52,41,68679.91,2,0,0
1117,56103.0,1,66,25,95083.43,3,0,1
1118,65653.0,4,49,33,94368.83,2,0,1
1119,49231.0,1,49,30,63816.55,1,0,0
1120,58772.0,4,56,23,93127.08,2,0,1
1121,65684.0,2,79,46,65882.77,1,0,0
1122,63609.0,1,47,53,109221.39,3,0,1
1123,56990.0,3,58,27,86557.85,2,0,0
1124,67772.0,1,38,23,90785.9,2,0,1
1125,49925.0,4,64,63,64951.65,3,0,0
1126,58284.0,1,40,55,79183.24,3,0,0
1127,63979.0,4,42,35,67563.06,1,0,0
1128,55342.0,2,63,34,80572.82,3,0,0
1129,47766.0,1,82,19,67185.0,2,0,0
1130,51176.0,1,58,39,59186.89,1,0,0
1131,74256.0,2,40,27,83023.18,2,0,0
1132,68071.0,3,85,57,88690.87,3,0,0
1133,43991.0,3,63,52,65742.89,1,0,0
1134,56932.0,3,60,28,76261.61,3,0,0
1135,56426.0,1,70,50,67726.88,1,0,0
1136,54155.0,3,70,44,78630.03,3,0,0
1137,43851.0,1,65,26,54865.59,1,0,0
1138,56122.0,1,54,33,64557.84,1,0,0
1139,55131.0,2,42,19,93178.19,1,0,1
1140,57751.0,1,48,50,78378.46,3,0,0
1141,58653.0,4,66,41,80073.57,2,0,0
1142,49004.0,1,69,52,89751.35,1,0,0
1143,56930.0,3,74,39,66943.47,3,0,0
1144,54247.0,1,49,50,85719.27,2,0,0
1145,58582.0,1,68,52,71322.55,1,0,0
1146,61709.0,4,39,60,117207.24,3,0,1
1147,58409.0,4,37,20,56691.33,3,0,0
1148,49158.0,1,54,55,85505.19,2,0,0
1149,63379.0,3,58,42,69885.18,1,0,0
1150,56008.0,2,68,18,64849.34,1,0,0
1151,60357.0,3,46,58,80065.96,2,0,0
1152,55592.0,4,79,43,93020.09,1,0,1
1153,56240.0,3,61,35,68760.12,2,0,0
1154,51556.0,4,84,48,70431.03,2,0,0
1155,49213.0,1,82,36,68388.95,2,0,0
1156,65184.0,4,82,19,99052.84,3,0,1
1157,45171.0,3,52,23,67097.18,2,0,0
1158,57913.0,2,83,20,55293.75,3,0,0
1159,61365.0,4,78,32,63147.41,3,0,0
1160,58243.0,1,66,43,61544.46,2,0,0
1161,66309.0,1,75,34,64938.37,1,0,0
1162,64922.0,2,51,30,90181.89,3,0,0
1163,56749.0,1,37,18,61767.79,3,0,0
1164,53798.0,2,44,41,70241.22,3,0,0
1165,46468.0,1,74,35,70966.3,1,0,0
1166,65405.0,4,45,57,78163.11,2,0,0
1167,54254.0,2,60,29,61216.81,2,0,0
1168,62951.0,3,50,32,74365.36,3,0,0
1169,64066.0,4,64,37,69326.09,2,0,0
1170,51461.0,3,74,18,72709.86,2,0,1
1171,49699.0,3,84,43,78721.3,1,0,1
1172,63663.0,4,44,56,64125.56,1,0,0
1173,53866.0,3,40,38,72441.01,3,0,0
1174,55074.0,3,79,29,67749.39,1,0,0
1175,50177.0,3,58,22,60864.1,2,0,0
1176,50204.0,4,49,52,69110.75,3,0,1
1177,54135.0,2,70,40,58680.23,1,0,0
1178,63207.0,2,84,23,71112.14,1,0,0
1179,50297.0,2,39,31,67527.15,2,0,1
1180,67699.0,2,81,42,80017.56,3,0,0
1181,53635.0,4,61,24,66094.08,3,0,0
1182,57135.0,2,62,25,61164.74,2,0,0
1183,54256.0,4,83,48,68986.0,3,0,0
1184,56796.0,3,81,23,78555.43,3,0,1
1185,50007.0,4,35,45,69125.34,1,0,0
1186,56229.0,3,76,20,101915.6,3,0,1
1187,54621.0,2,52,62,74204.19,1,0,0
1188,46454.0,2,44,43,80042.53,1,0,1
1189,52886.0,2,60,23,71190.67,2,0,0
1190,60025.0,2,54,31,71258.48,2,0,0
1191,49743.0,4,63,41,77869.1,3,0,0
1192,60429.0,1,35,58,88297.22,2,0,0
1193,65477.0,2,36,48,63825.21,1,0,0
1194,42093.0,3,46,31,63799.66,3,0,0
1195,54529.0,1,77,19,80699.82,3,0,0
1196,58513.0,3,84,19,96121.86,1,0,1
1197,58339.0,3,49,41,70172.65,1,0,0
1198,59279.0,2,52,40,73150.11,1,0,0
1199,51921.0,1,35,31,73183.35,1,0,0
1200,52761.0,2,41,37,64003.57,1,0,0
1201,65318.0,3,72,46,67462.73,2,0,0
1202,57269.0,2,80,22,65914.62,1,0,0
1203,55593.0,1,82,51,74420.6,2,0,0
1204,53100.0,3,59,18,78046.3,2,0,1
1205,41628.0,1,76,35,62015.95,1,0,0
1206,61245.0,4,47,59,95876.25,3,0,0
1207,62568.0,2,39,36,94030.29,2,0,1
1208,48402.0,4,47,37,81043.15,3,0,1
1209,58434.0,4,65,59,70821.12,3,0,0
1210,54097.0,2,37,36,76870.6,1,0,0
1211,63767.0,3,35,39,92160.4,1,0,0
1212,50441.0,1,84,18,66181.93,3,0,0
1213,55296.0,4,43,52,69732.87,2,0,0
1214,53330.0,4,39,27,61239.85,3,0,0
1215,66173.0,3,52,18,84956.21,2,0,0
1216,52744.0,4,80,40,67304.59,1,0,0
1217,61383.0,4,61,29,67320.63,2,0,0
1218,60448.0,4,60,46,112779.4,2,0,1
1219,55152.0,1,35,38,63921.31,2,0,0
1220,42355.0,3,76,30,64636.87,3,0,0
1221,53884.0,1,63,40,73543.94,3,0,0
1222,49963.0,2,46,50,74265.14,2,0,0
1223,53902.0,3,47,20,90466.74,1,0,1
1224,44974.0,2,61,41,62808.8,1,0,0
1225,61732.0,1,66,33,60602.08,1,0,0
1226,42170.0,1,52,38,65191.42,2,0,0
1227,62831.0,3,85,42,70825.24,3,0,0
1228,57686.0,4,65,56,74778.09,2,0,0
1229,57254.0,1,70,58,71638.6,1,0,0
1230,60298.0,1,47,52,123416.99,2,0,1
1231,47335.0,2,52,20,73270.92,2,0,1
1232,54452.0,3,40,54,65218.69,3,0,0
1233,49086.0,4,80,58,78946.57,2,0,0
1234,57475.0,4,64,45,72715.72,1,0,0
1235,60056.0,3,68,26,57304.09,3,0,0
1236,42227.0,4,62,63,74288.12,2,0,0
1237,51636.0,3,77,58,62720.14,3,0,0
1238,52099.0,4,49,37,66978.72,3,0,0
1239,64898.0,1,65,25,53486.69,2,0,0
1240,67907.0,2,74,52,113508.8,2,0,1
1241,62908.0,4,41,64,107149.02,2,0,1
1242,50268.0,4,37,22,62997.46,2,0,0
1243,55183.0,2,78,28,64495.67,2,0,0
1244,61183.0,4,67,18,60461.93,3,0,0
1245,45023.0,2,39,28,65800.2,3,0,0
1246,52364.0,3,77,45,65458.44,1,0,0
1247,55788.0,3,70,33,79389.33,3,0,0
1248,69032.0,4,46,18,56675.95,3,0,0
1249,59439.0,1,77,32,108591.11,3,0,1
1250,53547.0,3,82,24,88400.48,3,0,1
1251,40996.0,3,37,19,74415.2,2,0,0
1252,48796.0,4,85,20,77569.74,2,0,1
1253,56829.0,4,74,40,81195.86,3,0,0
1254,54748.0,1,68,34,69403.41,2,0,0
1255,60337.0,1,37,42,71376.42,2,0,0
1256,59176.0,3,35,51,67273.98,3,0,0
1257,55672.0,1,43,54,71726.71,1,0,0
1258,63448.0,2,76,55,94510.73,3,0,0
1259,50429.0,2,41,52,75993.47,2,0,0
1260,41989.0,4,48,32,62216.45,3,0,0
1261,63087.0,1,66,28,70052.79,3,0,0
1262,50400.0,4,76,41,62229.29,2,0,0
1263,50106.0,2,66,43,71532.81,1,0,0
1264,59860.0,2,54,49,78562.35,1,0,0
1265,44965.0,2,77,64,83414.05,3,0,1
1266,55558.0,4,68,55,66632.83,3,0,0
1267,57337.0,3,76,24,88044.35,2,0,1
1268,55210.0,1,80,20,62180.74,2,0,0
1269,51416.0,1,84,45,73874.7,2,0,0
1270,55875.0,4,76,26,67488.08,2,0,0
1271,58333.0,1,38,25,66935.07,2,0,0
1272,46631.0,2,56,43,69919.87,1,0,0
1273,47633.0,2,62,35,63618.8,1,0,0
1274,47460.0,4,82,26,74837.72,1,0,1
1275,50315.0,2,46,57,77795.34,3,0,0
1276,54384.0,1,76,22,74948.17,3,0,0
1277,59354.0,4,72,32,60200.18,1,0,0
1278,52881.0,3,57,39,87630.95,1,0,1
1279,56763.0,3,38,25,58983.46,2,0,0
1280,61870.0,1,42,48,65467.76,1,0,0
1281,55180.0,2,73,47,79153.15,3,0,1
1282,50723.0,1,59,18,80841.08,1,0,1
1283,53125.0,1,42,18,60333.57,3,0,0
1284,65519.0,3,55,61,117307.7,2,0,1
1285,54005.0,1,78,47,72128.86,1,0,0
1286,41862.0,2,41,28,65494.51,3,0,0
1287,52694.0,1,36,36,68185.43,2,0,0
1288,66148.0,2,41,20,111739.65,1,0,1
1289,64193.0,1,78,44,75081.97,2,0,0
1290,44023.0,3,53,38,62231.54,3,0,0
1291,62788.0,4,55,19,89010.9,3,0,1
1292,52880.0,1,64,21,60310.88,1,0,0
1293,47404.0,4,66,46,68071.37,2,0,0
1294,53042.0,3,83,58,84687.72,3,0,0
1295,50887.0,4,37,20,63597.09,1,0,0
1296,52604.0,3,82,18,75098.22,1,0,0
1297,53239.0,4,78,28,67381.61,1,0,0
1298,51444.0,2,42,33,67500.55,2,0,0
1299,54855.0,3,53,19,60631.23,3,0,0
1300,59883.0,4,40,45,119585.49,2,0,1
1301,58204.0,4,36,62,101108.86,3,0,1
1302,50670.0,1,41,25,68130.72,1,0,0
1303,53045.0,3,47,43,105077.7,1,0,1
1304,47753.0,4,73,42,90597.18,3,0,1
1305,49240.0,2,67,24,60020.13,3,0,0
1306,47842.0,1,77,29,83103.77,1,0,1
1307,49427.0,1,82,32,86755.79,3,0,1
1308,54876.0,3,82,25,90608.41,1,0,1
1309,55179.0,4,54,41,72895.67,1,0,0
1310,47650.0,2,49,42,72634.98,3,0,0
1311,52669.0,2,84,33,66633.06,3,0,0
1312,64069.0,2,40,34,76812.81,2,0,0
1313,56004.0,1,69,19,92433.88,2,0,1
1314,46000.0,4,64,30,63148.62,3,0,1
1315,50518.0,3,75,18,82046.23,2,0,0
1316,50130.0,2,40,19,54356.95,2,0,0
1317,76070.0,2,54,18,58309.56,3,0,0
1318,60495.0,3,47,35,84676.05,2,0,0
1319,50935.0,2,67,39,66054.39,1,0,0
1320,60109.0,2,47,31,61396.48,1,0,0
1321,55145.0,4,38,62,82190.52,1,0,1
1322,62619.0,1,77,62,71767.67,1,0,0
1323,61299.0,4,72,42,103103.64,2,0,1
1324,47058.0,4,53,31,62076.85,3,0,0
1325,59344.0,1,64,61,84601.54,1,0,0
1326,61239.0,4,85,42,69545.88,3,0,0
1327,57311.0,3,54,51,66931.93,3,0,0
1328,47080.0,4,66,23,84688.33,3,0,0
1329,59189.0,4,45,52,82670.85,3,0,0
1330,46452.0,4,83,57,70993.97,2,0,0
1331,58254.0,4,42,23,73463.16,1,0,0
1332,72649.0,3,69,52,78861.46,1,0,0
1333,59661.0,4,68,50,69712.4,3,0,0
1334,53714.0,1,67,18,69298.75,2,0,0
1335,61957.0,1,47,18,66397.77,1,0,0
1336,53203.0,3,69,21,64044.38,3,0,0
1337,55523.0,1,47,61,83346.06,1,0,1
1338,55523.0,3,66,19,71406.58,1,0,1
1339,57081.0,1,84,18,68005.87,2,0,0
1340,60347.0,2,52,28,76764.02,1,0,0
1341,49010.0,2,81,33,82092.39,3,0,0
1342,57879.0,4,74,32,73878.1,1,0,0
1343,54340.0,4,73,31,59950.89,2,0,0
1344,60298.0,1,42,46,66602.34,3,0,0
1345,49944.0,2,56,37,57768.44,2,0,0
1346,53124.0,4,40,37,70083.3,2,0,0
1347,51141.0,1,47,60,85648.48,3,0,0
1348,49497.0,1,50,25,74914.15,1,0,0
1349,50197.0,2,66,62,85219.39,1,0,1
1350,63234.0,4,73,23,82910.94,1,0,0
1351,60059.0,2,71,56,74350.08,1,0,0
1352,66487.0,1,50,27,103595.83,2,0,1
1353,49292.0,4,49,19,70729.63,3,0,0
1354,55400.0,4,48,52,70051.94,2,0,0
1355,53089.0,2,72,23,69403.49,3,0,0
1356,69345.0,3,79,56,84710.53,3,0,0
1357,63508.0,1,48,30,95879.94,1,0,1
1358,60057.0,1,61,60,73487.13,3,0,0
1359,52402.0,3,35,30,61597.98,3,0,0
1360,60180.0,2,68,18,63119.8,1,0,0
1361,53422.0,4,44,34,98586.83,1,0,1
1362,49857.0,3,37,37,71502.56,1,0,0
1363,48682.0,3,82,59,64320.67,3,0,0
1364,48516.0,2,37,63,77310.22,1,0,0
1365,54363.0,3,44,55,74825.2,1,0,0
1366,39636.0,3,43,23,59230.44,3,0,0
1367,65172.0,1,44,31,107138.14,1,0,1
1368,58529.0,1,65,22,102763.61,2,0,1
1369,50011.0,2,72,18,69764.49,3,0,0
1370,50020.0,4,75,19,59889.14,3,0,0
1371,55764.0,2,64,63,82356.41,1,0,0
1372,60894.0,4,80,28,118651.89,3,0,1
1373,42259.0,4,37,19,66762.27,3,0,0
1374,59978.0,2,75,62,79454.74,2,0,0
1375,47129.0,1,41,26,66079.85,1,0,0
1376,57485.0,1,77,35,103774.34,1,0,1
1377,62593.0,3,71,60,112716.44,1,0,1
1378,48913.0,3,41,24,62819.16,1,0,0
1379,66101.0,4,81,31,55470.55,2,0,0
1380,49622.0,2,73,41,69510.05,2,0,0
1381,59386.0,4,46,37,68064.76,1,0,0
1382,66050.0,1,35,38,69116.93,1,0,0
1383,59492.0,1,69,55,86354.84,1,0,0
1384,61134.0,3,72,18,60456.69,3,0,0
1385,61956.0,4,54,28,71791.28,3,0,0
1386,46086.0,4,50,60,67626.89,2,0,0
1387,61481.0,3,79,36,99794.4,1,0,1
1388,55727.0,3,79,18,70350.79,3,0,0
1389,61576.0,2,73,21,58818.77,2,0,0
1390,57563.0,1,64,48,86487.58,3,0,1
1391,58288.0,3,84,36,92378.5,2,0,1
1392,55282.0,3,60,40,73281.55,2,0,0
1393,66624.0,1,63,58,110438.17,1,0,1
1394,59443.0,3,52,58,67485.1,1,0,0
1395,51937.0,3,64,18,92518.37,3,0,1
1396,46477.0,3,37,53,72977.63,3,0,1
1397,62470.0,3,60,34,64770.75,1,0,0
1398,51123.0,2,52,43,74845.87,3,0,0
1399,56301.0,3,58,25,59913.31,3,0,0
1400,46670.0,1,69,64,95961.18,3,0,0
1401,54375.0,2,82,28,60766.38,1,0,0
1402,45227.0,4,40,20,69193.96,1,0,1
1403,50787.0,4,81,19,66433.4,1,0,0
1404,62919.0,3,42,61,73410.95,1,0,0
1405,51770.0,3,45,40,68447.63,3,0,0
1406,60123.0,1,47,40,60185.4,2,0,0
1407,51002.0,4,41,28,76765.02,2,0,1
1408,46940.0,1,69,27,70157.03,1,0,1
1409,49905.0,4,66,31,75297.34,3,0,0
1410,51505.0,2,55,53,76960.48,1,0,0
1411,52474.0,3,79,58,76204.89,3,0,0
1412,49172.0,2,57,44,63782.2,2,0,0
1413,56916.0,3,42,57,69415.11,3,0,0
1414,59386.0,1,38,29,64472.36,1,0,0
1415,55748.0,3,84,21,60815.42,1,0,0
1416,65574.0,2,83,22,55902.83,1,0,0
1417,58541.0,4,79,41,64468.29,3,0,0
1418,50672.0,4,79,31,76093.36,3,0,0
1419,68071.0,1,70,45,81430.49,2,0,0
1420,58815.0,4,71,22,106165.08,2,0,1
1421,62493.0,3,74,48,67374.71,3,0,0
1422,60182.0,4,59,37,103574.45,3,0,1
1423,42941.0,1,49,45,74191.43,1,0,1
1424,55505.0,2,40,57,100887.85,3,0,1
1425,54114.0,3,82,56,78715.16,1,0,0
1426,57670.0,1,41,46,70686.71,1,0,0
1427,54361.0,2,68,55,73231.75,1,0,0
1428,67083.0,4,39,21,66296.73,2,0,0
1429,52483.0,2,65,53,71738.23,3,0,0
1430,55581.0,4,49,59,99551.34,1,0,1
1431,62243.0,1,41,35,75903.42,2,0,0
1432,59293.0,1,81,64,105308.78,1,0,1
1433,59707.0,3,70,28,56003.61,1,0,0
1434,57726.0,4,84,54,68673.29,2,0,0
1435,58401.0,4,45,55,76028.5,3,0,0
1436,41228.0,2,64,56,87418.05,2,0,1
1437,40945.0,1,46,38,74984.02,3,0,1
1438,54794.0,4,47,41,66591.29,2,0,0
1439,51692.0,2,57,30,72088.04,1,0,0
1440,52305.0,1,35,18,78521.17,1,0,0
1441,56680.0,4,63,61,85688.72,3,0,1
1442,52300.0,4,52,34,66657.86,2,0,0
1443,56710.0,2,47,20,67879.02,2,0,1
1444,51351.0,1,69,19,60069.68,3,0,0
1445,51022.0,2,55,26,67820.31,3,0,0
1446,52096.0,3,37,29,65685.02,2,0,0
1447,59099.0,2,67,63,103305.3,1,0,1
1448,57677.0,4,77,54,76671.69,2,0,0
1449,59343.0,3,85,55,76577.99,3,0,0
1450,54767.0,1,35,37,66693.98,3,0,0
1451,60869.0,1,77,21,60125.97,1,0,0
1452,53949.0,4,81,52,80042.11,3,0,0
1453,48707.0,4,77,60,97106.11,1,0,0
1454,77911.0,1,50,58,87831.62,3,0,0
1455,54183.0,1,40,29,70630.95,2,0,1
1456,51099.0,3,71,49,67516.63,3,0,0
1457,51591.0,1,79,37,67573.29,1,0,0
1458,61057.0,1,41,44,80714.79,1,0,0
1459,48280.0,4,79,18,75430.51,3,0,0
1460,57606.0,4,78,20,54071.79,2,0,0
1461,55440.0,4,72,44,112826.26,3,0,1
1462,54055.0,1,63,47,60944.33,3,0,0
1463,49862.0,3,82,26,65065.52,3,0,0
1464,56204.0,2,65,19,82667.77,1,0,1
1465,65161.0,2,41,52,82517.59,2,0,0
1466,42143.0,3,38,32,88208.37,3,0,1
1467,57924.0,4,62,38,68023.41,1,0,0
1468,48755.0,2,69,59,73464.75,1,0,0
1469,50926.0,3,83,61,77222.0,3,0,0
1470,65158.0,3,67,53,67163.57,1,0,0
1471,46073.0,4,73,19,59241.32,2,0,0
1472,53110.0,4,43,20,72322.79,1,0,0
1473,50180.0,1,41,22,55226.53,1,0,0
1474,61124.0,3,64,19,73417.07,1,0,0
1475,54583.0,3,82,22,63534.87,2,0,0
1476,52400.0,3,72,54,90774.04,2,0,0
1477,64264.0,1,51,22,77666.95,3,0,0
1478,44197.0,3,52,34,95868.3,2,0,0
1479,56273.0,1,75,26,74544.57,2,0,0
1480,47481.0,4,42,34,77150.63,3,0,1
1481,58053.0,1,53,29,86298.82,3,0,0
1482,58071.0,4,76,30,74697.64,1,0,1
1483,66845.0,1,60,29,58695.65,1,0,0
1484,60396.0,3,72,46,96190.72,3,0,1
1485,67056.0,3,55,51,63582.13,3,0,0
1486,63823.0,4,39,53,61586.14,3,0,0
1487,49475.0,3,71,19,75037.68,1,0,0
1488,50330.0,3,80,35,61282.09,3,0,0
1489,57858.0,4,43,48,71522.23,1,0,0
1490,61627.0,3,58,32,74596.33,3,0,0
1491,49733.0,1,76,42,77168.22,2,0,1
1492,55308.0,2,36,40,75028.75,3,0,0
1493,66048.0,4,80,44,76619.74,3,0,0
1494,49405.0,1,63,48,75910.11,1,0,1
1495,49810.0,1,47,18,73056.77,3,0,1
1496,56330.0,4,46,30,94478.7,1,0,1
1497,56485.0,2,36,50,69960.25,1,0,0
1498,47053.0,2,46,42,67407.05,1,0,1
1499,64179.0,4,74,18,97119.39,3,0,1
1500,60385.0,4,78,54,83984.48,3,0,0
1501,50963.0,2,45,32,76385.23,3,0,0
1502,50024.0,1,77,37,66216.7,1,0,0
1503,50334.0,2,36,47,82526.93,2,0,0
1504,61054.0,3,68,20,74459.25,2,0,0
1505,58629.0,3,39,32,62936.7,2,0,0
1506,52519.0,2,45,19,59425.89,2,0,0
1507,46993.0,3,50,27,69437.63,1,0,0
1508,67559.0,4,45,63,72083.49,1,0,0
1509,55944.0,2,53,49,69163.36,3,0,0
1510,38709.0,3,56,18,72747.12,2,0,0
1511,61130.0,3,58,35,66726.94,3,0,0
1512,54941.0,2,50,24,57067.63,1,0,0
1513,58639.0,2,46,63,109108.12,1,0,1
1514,52098.0,2,84,38,73831.46,2,0,0
1515,53618.0,2,52,54,79031.2,3,0,0
1516,57261.0,4,62,46,77631.46,2,0,0
1517,53158.0,4,66,41,78524.15,1,0,0
1518,53511.0,1,84,58,70856.24,1,0,0
1519,58408.0,2,56,18,61042.81,1,0,0
1520,46722.0,2,49,22,66407.61,2,0,0
1521,49331.0,1,78,44,71632.13,3,0,0
1522,53717.0,2,41,44,78002.78,1,0,0
1523,70258.0,4,38,36,115126.75,2,0,1
1524,53186.0,3,62,26,58559.16,2,0,0
1525,59273.0,1,80,30,62275.25,2,0,0
1526,59466.0,3,45,41,73749.44,2,0,0
1527,55639.0,1,40,29,55927.32,1,0,0
1528,61138.0,3,68,61,67174.81,1,0,0
1529,47831.0,4,74,36,70249.63,1,0,0
1530,51919.0,4,82,25,69896.22,2,0,0
1531,49310.0,1,47,56,68123.8,2,0,0
1532,61973.0,1,51,18,56131.76,3,0,0
1533,52475.0,3,39,19,63426.48,1,0,0
1534,62262.0,3,43,39,68762.6,2,0,0
1535,49159.0,3,57,45,65693.05,2,0,0
1536,44451.0,1,65,51,59721.74,3,0,0
1537,64873.0,3,48,64,85224.19,3,0,0
1538,55261.0,1,36,19,53356.72,2,0,0
1539,53405.0,1,46,48,67405.54,1,0,0
1540,48982.0,3,77,60,73639.06,1,0,0
1541,60286.0,1,73,27,91956.84,3,0,1
1542,44712.0,2,49,46,76451.55,1,0,0
1543,49882.0,2,57,28,64100.13,2,0,0
1544,46791.0,3,59,59,78379.79,1,0,0
1545,52585.0,3,78,35,77592.94,2,0,1
1546,59130.0,1,79,63,70314.89,1,0,0
1547,63061.0,4,36,40,72339.71,1,0,0
1548,55293.0,4,39,20,75774.95,3,0,0
1549,54222.0,4,40,40,71232.98,3,0,0
1550,48720.0,3,66,24,61022.27,3,0,0
1551,49971.0,2,77,34,69437.41,1,0,0
1552,58774.0,4,70,45,73028.67,3,0,0
1553,59781.0,1,46,41,76811.45,3,0,0
1554,54690.0,3,71,53,65923.72,3,0,0
1555,43494.0,1,60,27,68676.93,3,0,0
1556,54356.0,1,69,26,67766.33,3,0,0
1557,44261.0,4,64,24,75535.5,3,0,0
1558,61570.0,3,74,34,75762.91,1,0,0
1559,59600.0,3,52,53,75588.76,1,0,0
1560,52971.0,2,56,32,70086.07,3,0,0
1561,57963.0,2,60,19,96125.18,3,0,1
1562,44781.0,2,75,42,80753.62,2,0,1
1563,62903.0,4,82,55,71048.24,1,0,0
1564,58282.0,4,78,28,71454.9,3,0,0
1565,66411.0,1,47,58,87222.87,3,0,0
1566,58109.0,4,44,41,75683.99,3,0,0
1567,51572.0,4,35,47,78834.2,3,0,0
1568,63031.0,1,48,42,72943.91,2,0,0
1569,54081.0,1,42,59,66774.11,1,0,0
1570,45676.0,4,81,19,58845.4,3,0,0
1571,52116.0,2,60,59,75689.83,3,0,0
1572,46127.0,1,56,39,68623.41,1,0,0
1573,48343.0,3,78,40,68392.67,1,0,1
1574,56666.0,3,47,18,53730.63,3,0,0
1575,67170.0,4,55,31,69913.11,3,0,0
1576,51096.0,3,70,19,80820.27,3,0,1
1577,64120.0,2,35,44,71001.53,3,0,0
1578,59001.0,2,81,23,89974.05,3,0,1
1579,45187.0,3,74,33,71161.34,1,0,0
1580,53027.0,4,69,55,106846.34,3,0,0
1581,55858.0,4,47,40,77673.29,1,0,0
1582,49074.0,3,58,63,84287.39,3,0,1
1583,54121.0,3,51,54,84320.29,1,0,0
1584,61285.0,3,44,60,77283.59,3,0,0
1585,63140.0,1,44,24,68416.86,3,0,0
1586,44907.0,1,60,19,70186.19,3,0,0
1587,52054.0,2,67,29,73394.09,3,0,0
1588,44353.0,3,75,18,70056.31,2,0,1
